{"stats":{"minecraft:used":{"minecraft:oak_fence":129,"minecraft:enchanting_table":1,"minecraft:flint_and_steel":1,"minecraft:shield":1,"minecraft:netherrack":13,"minecraft:iron_chestplate":3,"minecraft:brewing_stand":3,"minecraft:dirt":4,"minecraft:anvil":1,"minecraft:diamond_helmet":1,"minecraft:obsidian":12,"minecraft:bookshelf":27,"minecraft:villager_spawn_egg":8,"minecraft:iron_axe":32,"minecraft:grass_block":4,"minecraft:oak_stairs":32,"minecraft:chicken_spawn_egg":14,"minecraft:iron_boots":1,"minecraft:golden_carrot":3,"minecraft:oak_sapling":23,"minecraft:cooked_beef":3,"minecraft:golden_axe":1,"minecraft:iron_leggings":1,"minecraft:cow_spawn_egg":8,"minecraft:stone_pickaxe":62,"minecraft:oak_planks":160,"minecraft:iron_golem_spawn_egg":3,"minecraft:sheep_spawn_egg":10,"minecraft:fletching_table":2,"minecraft:white_bed":21,"minecraft:painting":2,"minecraft:diamond_pickaxe":3,"minecraft:bread":8,"minecraft:iron_pickaxe":68,"minecraft:lectern":2,"minecraft:stone_axe":101,"minecraft:diamond_sword":70,"minecraft:cobblestone":3,"minecraft:smithing_table":2},"minecraft:killed":{"minecraft:cave_spider":1,"minecraft:spider":2,"minecraft:skeleton":4,"minecraft:iron_golem":6,"minecraft:creeper":2,"minecraft:sheep":7,"minecraft:zombie":14,"minecraft:cow":1},"minecraft:mined":{"minecraft:deepslate_diamond_ore":19,"minecraft:obsidian":3,"minecraft:granite":1,"minecraft:grass_block":6,"minecraft:soul_soil":11,"minecraft:spawner":1,"minecraft:deepslate_lapis_ore":4,"minecraft:potatoes":2,"minecraft:deepslate_iron_ore":7,"minecraft:oak_stairs":4,"minecraft:bone_block":1,"minecraft:deepslate_redstone_ore":3,"minecraft:soul_fire":2,"minecraft:short_grass":2,"minecraft:cobblestone":27,"minecraft:deepslate_gold_ore":6,"minecraft:sugar_cane":26,"minecraft:deepslate_copper_ore":1,"minecraft:wheat":23,"minecraft:oak_log":44,"minecraft:dirt":2,"minecraft:cobweb":16,"minecraft:netherrack":36,"minecraft:gold_ore":8,"minecraft:oak_leaves":9,"minecraft:deepslate":5},"minecraft:custom":{"minecraft:mob_kills":37,"minecraft:interact_with_anvil":7,"minecraft:interact_with_crafting_table":10,"minecraft:leave_game":5,"minecraft:time_since_death":536,"minecraft:sprint_one_cm":218090,"minecraft:walk_one_cm":160996,"minecraft:damage_blocked_by_shield":60,"minecraft:drop":72,"minecraft:talked_to_villager":117,"minecraft:play_time":108121,"minecraft:deaths":7,"minecraft:sneak_time":2747,"minecraft:walk_under_water_one_cm":1597,"minecraft:jump":1270,"minecraft:walk_on_water_one_cm":9690,"minecraft:enchant_item":46,"minecraft:total_world_time":108121,"minecraft:interact_with_furnace":6,"minecraft:traded_with_villager":774,"minecraft:sleep_in_bed":8,"minecraft:time_since_rest":579,"minecraft:damage_taken":3000,"minecraft:damage_dealt":10364,"minecraft:swim_one_cm":7133,"minecraft:fly_one_cm":574436,"minecraft:open_chest":60,"minecraft:crouch_one_cm":4506,"minecraft:fall_one_cm":31030},"minecraft:picked_up":{"minecraft:iron_chestplate":3,"minecraft:wheat":69,"minecraft:diamond_sword":2,"minecraft:oak_stairs":4,"minecraft:enchanted_book":27,"minecraft:shield":2,"minecraft:string":27,"minecraft:iron_axe":3,"minecraft:soul_soil":38,"minecraft:raw_copper":2,"minecraft:iron_leggings":4,"minecraft:cobbled_deepslate":4,"minecraft:beef":3,"minecraft:cobblestone_slab":24,"minecraft:poppy":8,"minecraft:iron_pickaxe":3,"minecraft:sugar_cane":54,"minecraft:iron_boots":4,"minecraft:stick":1,"minecraft:raw_iron":10,"minecraft:oak_door":1,"minecraft:golden_axe":1,"minecraft:redstone":18,"minecraft:rotten_flesh":21,"minecraft:arrow":7,"minecraft:diamond_chestplate":2,"minecraft:mutton":11,"minecraft:obsidian":3,"minecraft:white_wool":1,"minecraft:bone_block":1,"minecraft:cobblestone":1258,"minecraft:golden_carrot":95,"minecraft:leather":2,"minecraft:brown_wool":1,"minecraft:potato":18,"minecraft:oak_log":92,"minecraft:gunpowder":1,"minecraft:lapis_lazuli":68,"minecraft:dirt":6,"minecraft:paper":6,"minecraft:bone":8,"minecraft:apple":1,"minecraft:bow":1,"minecraft:wheat_seeds":53,"minecraft:raw_gold":27,"minecraft:iron_ingot":29,"minecraft:stone_pickaxe":3,"minecraft:diamond_helmet":4,"minecraft:book":64,"minecraft:spider_eye":1,"minecraft:diamond":37,"minecraft:stone_axe":18,"minecraft:iron_helmet":2,"minecraft:granite":1,"minecraft:emerald":90,"minecraft:oak_sapling":5,"minecraft:netherrack":40,"minecraft:black_wool":4},"minecraft:killed_by":{"minecraft:ghast":1,"minecraft:creeper":1,"minecraft:enderman":2,"minecraft:iron_golem":2,"minecraft:zombie":1},"minecraft:dropped":{"minecraft:enchanted_book":27,"minecraft:iron_helmet":2,"minecraft:book":18,"minecraft:emerald":7,"minecraft:brewing_stand":1,"minecraft:diamond_helmet":3,"minecraft:iron_leggings":3,"minecraft:iron_axe":2,"minecraft:iron_pickaxe":2,"minecraft:iron_boots":3,"minecraft:diamond_sword":1,"minecraft:diamond_chestplate":2,"minecraft:iron_chestplate":1},"minecraft:crafted":{"minecraft:oak_planks":132,"minecraft:stone_shovel":36,"minecraft:redstone":168,"minecraft:cobblestone_slab":12,"minecraft:diamond_shovel":3,"minecraft:bookshelf":60,"minecraft:flint_and_steel":1,"minecraft:glass":96,"minecraft:lantern":24,"minecraft:bow":18,"minecraft:ender_pearl":12,"minecraft:stone_pickaxe":24,"minecraft:filled_map":36,"minecraft:golden_boots":1,"minecraft:cooked_beef":3,"minecraft:crossbow":30,"minecraft:arrow":384,"minecraft:emerald":94,"minecraft:diamond_axe":3,"minecraft:map":12,"minecraft:enchanting_table":1,"minecraft:bell":32,"minecraft:enchanted_book":72,"minecraft:glowstone":72,"minecraft:bread":8,"minecraft:air":0,"minecraft:iron_chestplate":1,"minecraft:book":1,"minecraft:paper":51,"minecraft:diamond_pickaxe":1,"minecraft:stick":260,"minecraft:iron_pickaxe":6,"minecraft:lapis_lazuli":108}},"DataVersion":4082}