{"stats":{"minecraft:custom":{"minecraft:animals_bred":1,"minecraft:interact_with_crafting_table":140,"minecraft:bell_ring":1,"minecraft:leave_game":7,"minecraft:time_since_death":8792,"minecraft:sprint_one_cm":2592744,"minecraft:damage_blocked_by_shield":12012,"minecraft:drop":339,"minecraft:talked_to_villager":469,"minecraft:play_time":874454,"minecraft:deaths":45,"minecraft:jump":8847,"minecraft:interact_with_brewingstand":3,"minecraft:walk_on_water_one_cm":129532,"minecraft:interact_with_furnace":202,"minecraft:traded_with_villager":534,"minecraft:interact_with_cartography_table":7,"minecraft:sleep_in_bed":47,"minecraft:damage_dealt":11388,"minecraft:player_kills":1,"minecraft:crouch_one_cm":2628,"minecraft:interact_with_smithing_table":13,"minecraft:mob_kills":190,"minecraft:interact_with_anvil":14,"minecraft:inspect_hopper":1,"minecraft:climb_one_cm":296,"minecraft:walk_one_cm":2004537,"minecraft:sneak_time":1799,"minecraft:walk_under_water_one_cm":54574,"minecraft:total_world_time":885959,"minecraft:interact_with_stonecutter":7,"minecraft:time_since_rest":8823,"minecraft:damage_taken":16477,"minecraft:damage_absorbed":40,"minecraft:swim_one_cm":62908,"minecraft:fly_one_cm":1366684,"minecraft:open_chest":657,"minecraft:fall_one_cm":207149},"minecraft:crafted":{"minecraft:oak_planks":5644,"minecraft:stone":169,"minecraft:bookshelf":3,"minecraft:cake":6,"minecraft:bow":10,"minecraft:iron_boots":1,"minecraft:chest":3,"minecraft:stone_hoe":1,"minecraft:stone_bricks":1,"minecraft:oak_fence":90,"minecraft:golden_boots":2,"minecraft:oak_slab":12,"minecraft:emerald":452,"minecraft:arrow":704,"minecraft:cooked_porkchop":7,"minecraft:crafting_table":6,"minecraft:wooden_pickaxe":1,"minecraft:smithing_table":1,"minecraft:fletching_table":2,"minecraft:birch_planks":1372,"minecraft:lectern":2,"minecraft:iron_chestplate":1,"minecraft:book":5,"minecraft:paper":12,"minecraft:diamond_pickaxe":5,"minecraft:emerald_block":5,"minecraft:shield":11,"minecraft:stick":12002,"minecraft:iron_ingot":204,"minecraft:iron_pickaxe":6,"minecraft:iron_block":3,"minecraft:stone_sword":4,"minecraft:gold_ingot":26,"minecraft:golden_carrot":36,"minecraft:cookie":162,"minecraft:stone_shovel":6,"minecraft:diamond_hoe":4,"minecraft:furnace":8,"minecraft:bone_meal":87,"minecraft:flint_and_steel":1,"minecraft:iron_axe":2,"minecraft:stone_pickaxe":30,"minecraft:wheat":135,"minecraft:cooked_beef":15,"minecraft:sugar":10,"minecraft:crossbow":3,"minecraft:bucket":4,"minecraft:stone_axe":21,"minecraft:enchanted_book":2,"minecraft:bread":243,"minecraft:air":0,"minecraft:iron_leggings":1,"minecraft:anvil":1,"minecraft:white_bed":2,"minecraft:pumpkin_pie":44,"minecraft:torch":88},"minecraft:used":{"minecraft:beetroot":2,"minecraft:diamond_hoe":490,"minecraft:chest":11,"minecraft:shield":205,"minecraft:rotten_flesh":21,"minecraft:iron_chestplate":1,"minecraft:soul_sand":9,"minecraft:mutton":2,"minecraft:carrot":154,"minecraft:obsidian":7,"minecraft:crimson_roots":1,"minecraft:stone_bricks":68,"minecraft:golden_sword":2,"minecraft:bow":435,"minecraft:oak_sapling":99,"minecraft:furnace":7,"minecraft:potato":92,"minecraft:oak_planks":441,"minecraft:stone_pickaxe":1534,"minecraft:blackstone":56,"minecraft:ender_pearl":1,"minecraft:wooden_pickaxe":3,"minecraft:chainmail_helmet":1,"minecraft:composter":2,"minecraft:sugar_cane":24,"minecraft:cookie":11,"minecraft:golden_apple":1,"minecraft:white_wool":1,"minecraft:bread":26,"minecraft:lectern":49,"minecraft:gravel":9,"minecraft:smithing_table":1,"minecraft:bone_meal":71,"minecraft:oak_fence":66,"minecraft:stone_sword":98,"minecraft:flint_and_steel":1,"minecraft:stone_shovel":341,"minecraft:stone_hoe":75,"minecraft:netherrack":184,"minecraft:oak_door":1,"minecraft:torch":43,"minecraft:brewing_stand":1,"minecraft:anvil":1,"minecraft:dirt":186,"minecraft:ancient_debris":1,"minecraft:white_carpet":6,"minecraft:golden_chestplate":2,"minecraft:granite":2,"minecraft:bookshelf":1,"minecraft:iron_axe":328,"minecraft:smooth_basalt":1,"minecraft:basalt":3,"minecraft:golden_carrot":3,"minecraft:beef":6,"minecraft:soul_soil":2,"minecraft:cooked_beef":10,"minecraft:cobbled_deepslate":11,"minecraft:light_gray_bed":1,"minecraft:iron_leggings":2,"minecraft:wheat_seeds":950,"minecraft:water_bucket":77,"minecraft:birch_planks":8,"minecraft:cartography_table":1,"minecraft:fletching_table":4,"minecraft:stonecutter":1,"minecraft:polished_blackstone_bricks":17,"minecraft:mossy_cobblestone":7,"minecraft:oak_slab":1,"minecraft:crafting_table":10,"minecraft:white_bed":12,"minecraft:oak_log":19,"minecraft:diamond_pickaxe":1922,"minecraft:apple":5,"minecraft:cracked_polished_blackstone_bricks":5,"minecraft:iron_pickaxe":274,"minecraft:map":1,"minecraft:stone_axe":2009,"minecraft:chiseled_stone_bricks":41,"minecraft:cobblestone":146,"minecraft:porkchop":1,"minecraft:cooked_porkchop":8,"minecraft:bucket":82,"minecraft:yellow_bed":3,"minecraft:pumpkin_pie":14,"minecraft:stripped_oak_log":1},"minecraft:dropped":{"minecraft:cooked_beef":2,"minecraft:emerald":12,"minecraft:iron_pickaxe":1,"minecraft:bone":1,"minecraft:oak_door":1,"minecraft:stone_axe":2,"minecraft:beetroot":3,"minecraft:oak_planks":13,"minecraft:carrot":118,"minecraft:cartography_table":1,"minecraft:water_bucket":2,"minecraft:golden_boots":1,"minecraft:iron_ingot":6,"minecraft:bread":131,"minecraft:wheat_seeds":131,"minecraft:oak_fence":20,"minecraft:book":1,"minecraft:chainmail_helmet":1,"minecraft:stick":29,"minecraft:torch":1,"minecraft:iron_axe":1,"minecraft:paper":1,"minecraft:string":2,"minecraft:bucket":1,"minecraft:stone_sword":2,"minecraft:diamond_hoe":2,"minecraft:composter":2,"minecraft:white_carpet":4,"minecraft:potato":34,"minecraft:shield":1,"minecraft:iron_chestplate":1,"minecraft:diamond_pickaxe":2,"minecraft:stone_bricks":1,"minecraft:bow":1,"minecraft:stone_pickaxe":15},"minecraft:picked_up":{"minecraft:iron_chestplate":5,"minecraft:wheat":828,"minecraft:smithing_table":2,"minecraft:oak_stairs":3,"minecraft:enchanted_book":2,"minecraft:gilded_blackstone":4,"minecraft:brewing_stand":1,"minecraft:golden_sword":3,"minecraft:polished_blackstone_brick_stairs":1,"minecraft:string":19,"minecraft:raw_copper":40,"minecraft:soul_soil":3,"minecraft:iron_leggings":7,"minecraft:beetroot":5,"minecraft:gold_nugget":4,"minecraft:cobbled_deepslate":46,"minecraft:bucket":4,"minecraft:iron_pickaxe":15,"minecraft:furnace":9,"minecraft:iron_boots":2,"minecraft:golden_helmet":4,"minecraft:stick":215,"minecraft:composter":5,"minecraft:oak_fence":27,"minecraft:torch":104,"minecraft:porkchop":5,"minecraft:diorite":61,"minecraft:golden_chestplate":10,"minecraft:stone_sword":11,"minecraft:rotten_flesh":118,"minecraft:light_gray_bed":3,"minecraft:iron_block":2,"minecraft:obsidian":17,"minecraft:cobblestone":1066,"minecraft:birch_log":391,"minecraft:cooked_beef":6,"minecraft:water_bucket":10,"minecraft:andesite":35,"minecraft:golden_leggings":2,"minecraft:potato":270,"minecraft:flint":6,"minecraft:map":2,"minecraft:lapis_lazuli":108,"minecraft:dirt":716,"minecraft:leather_boots":2,"minecraft:bone":66,"minecraft:stonecutter":1,"minecraft:bow":32,"minecraft:wheat_seeds":2506,"minecraft:raw_gold":86,"minecraft:fletching_table":2,"minecraft:stone_hoe":2,"minecraft:oak_planks":324,"minecraft:cooked_porkchop":5,"minecraft:mossy_cobblestone":14,"minecraft:diamond":21,"minecraft:cracked_polished_blackstone_bricks":41,"minecraft:granite":81,"minecraft:bone_meal":63,"minecraft:golden_apple":1,"minecraft:emerald":189,"minecraft:chainmail_helmet":1,"minecraft:bread":43,"minecraft:piglin_banner_pattern":1,"minecraft:oak_sapling":199,"minecraft:netherrack":2207,"minecraft:crimson_roots":1,"minecraft:diamond_pickaxe":8,"minecraft:crafting_table":15,"minecraft:gold_block":14,"minecraft:chain":54,"minecraft:shield":23,"minecraft:iron_axe":6,"minecraft:white_carpet":6,"minecraft:iron_shovel":3,"minecraft:blackstone":92,"minecraft:cartography_table":2,"minecraft:beef":30,"minecraft:oak_boat":3,"minecraft:poppy":3,"minecraft:iron_nugget":18,"minecraft:lectern":47,"minecraft:sugar_cane":100,"minecraft:chest":14,"minecraft:birch_sapling":25,"minecraft:diamond_hoe":5,"minecraft:raw_iron":541,"minecraft:oak_door":3,"minecraft:polished_blackstone_bricks":134,"minecraft:carrot":564,"minecraft:redstone":63,"minecraft:arrow":837,"minecraft:stone_shovel":8,"minecraft:beetroot_seeds":4,"minecraft:pumpkin_pie":143,"minecraft:shears":2,"minecraft:hay_block":15,"minecraft:gold_ingot":19,"minecraft:mutton":6,"minecraft:white_wool":9,"minecraft:stripped_oak_log":1,"minecraft:basalt":7,"minecraft:golden_carrot":3,"minecraft:glow_ink_sac":16,"minecraft:leather":5,"minecraft:filled_map":2,"minecraft:birch_planks":24,"minecraft:oak_log":1617,"minecraft:ancient_debris":2,"minecraft:golden_boots":1,"minecraft:yellow_bed":3,"minecraft:gunpowder":40,"minecraft:paper":5,"minecraft:apple":10,"minecraft:stone_bricks":2,"minecraft:stone_pickaxe":26,"minecraft:iron_ingot":122,"minecraft:soul_sand":25,"minecraft:book":4,"minecraft:oak_slab":1,"minecraft:smooth_basalt":1,"minecraft:chiseled_stone_bricks":1,"minecraft:quartz":10,"minecraft:dandelion":2,"minecraft:gravel":37,"minecraft:white_bed":27,"minecraft:spider_eye":17,"minecraft:stone_axe":20,"minecraft:lodestone":2,"minecraft:coal":43,"minecraft:ender_pearl":1},"minecraft:mined":{"minecraft:white_bed":13,"minecraft:oak_sapling":7,"minecraft:farmland":1,"minecraft:brewing_stand":1,"minecraft:obsidian":10,"minecraft:granite":57,"minecraft:grass_block":228,"minecraft:cracked_polished_blackstone_bricks":22,"minecraft:light_gray_bed":1,"minecraft:soul_soil":3,"minecraft:composter":3,"minecraft:gilded_blackstone":2,"minecraft:chiseled_stone_bricks":1,"minecraft:polished_blackstone_bricks":64,"minecraft:iron_ore":180,"minecraft:fire":11,"minecraft:fletching_table":2,"minecraft:deepslate_lapis_ore":4,"minecraft:dirt_path":1,"minecraft:deepslate_redstone_ore":6,"minecraft:blackstone":78,"minecraft:soul_fire":3,"minecraft:chest":10,"minecraft:nether_quartz_ore":4,"minecraft:cobblestone":226,"minecraft:sugar_cane":64,"minecraft:oak_planks":23,"minecraft:birch_log":343,"minecraft:wheat":895,"minecraft:oak_log":1494,"minecraft:beetroots":2,"minecraft:dirt":75,"minecraft:stonecutter":1,"minecraft:netherrack":1600,"minecraft:ancient_debris":1,"minecraft:oak_leaves":281,"minecraft:deepslate":25,"minecraft:deepslate_diamond_ore":4,"minecraft:crimson_roots":1,"minecraft:cartography_table":1,"minecraft:hay_block":15,"minecraft:furnace":3,"minecraft:carrots":114,"minecraft:andesite":32,"minecraft:gold_block":15,"minecraft:bookshelf":1,"minecraft:potatoes":44,"minecraft:deepslate_iron_ore":78,"minecraft:stripped_oak_log":1,"minecraft:stone":992,"minecraft:smithing_table":2,"minecraft:oak_slab":1,"minecraft:soul_sand":2,"minecraft:basalt":8,"minecraft:oak_fence":7,"minecraft:crafting_table":8,"minecraft:short_grass":136,"minecraft:lectern":47,"minecraft:tall_grass":1,"minecraft:copper_ore":10,"minecraft:deepslate_coal_ore":11,"minecraft:lapis_ore":4,"minecraft:deepslate_gold_ore":24,"minecraft:diorite":56,"minecraft:white_carpet":2,"minecraft:birch_leaves":7,"minecraft:yellow_bed":3,"minecraft:coal_ore":32,"minecraft:gravel":43,"minecraft:stone_bricks":1,"minecraft:gold_ore":11},"minecraft:killed":{"minecraft:spider":18,"minecraft:skeleton":39,"minecraft:piglin_brute":2,"minecraft:piglin":11,"minecraft:pig":3,"minecraft:zombie_villager":2,"minecraft:iron_golem":3,"minecraft:creeper":25,"minecraft:sheep":3,"minecraft:zombie":75,"minecraft:cow":7},"minecraft:killed_by":{"minecraft:piglin_brute":2,"minecraft:creeper":5,"minecraft:piglin":4,"minecraft:zombie":3,"minecraft:spider":1,"minecraft:enderman":1,"minecraft:hoglin":1,"minecraft:skeleton":23},"minecraft:broken":{"minecraft:stone_pickaxe":8,"minecraft:golden_sword":1,"minecraft:stone_axe":12,"minecraft:stone_shovel":1,"minecraft:shield":3,"minecraft:iron_axe":1}},"DataVersion":4082}