{"stats":{"minecraft:broken":{"minecraft:stone_sword":1,"minecraft:chainmail_helmet":1,"minecraft:iron_axe":1,"minecraft:iron_pickaxe":1,"minecraft:golden_pickaxe":1},"minecraft:custom":{"minecraft:interact_with_smithing_table":2,"minecraft:mob_kills":108,"minecraft:inspect_hopper":2,"minecraft:interact_with_crafting_table":68,"minecraft:bell_ring":14,"minecraft:leave_game":5,"minecraft:time_since_death":44665,"minecraft:sprint_one_cm":815784,"minecraft:walk_one_cm":743278,"minecraft:damage_blocked_by_shield":1449,"minecraft:drop":328,"minecraft:talked_to_villager":70,"minecraft:play_time":275868,"minecraft:sneak_time":4012,"minecraft:deaths":29,"minecraft:walk_under_water_one_cm":18949,"minecraft:boat_one_cm":95175,"minecraft:jump":5862,"minecraft:walk_on_water_one_cm":57637,"minecraft:total_world_time":275868,"minecraft:interact_with_furnace":35,"minecraft:traded_with_villager":19,"minecraft:sleep_in_bed":9,"minecraft:time_since_rest":19069,"minecraft:damage_absorbed":40,"minecraft:damage_taken":10895,"minecraft:damage_dealt":31564,"minecraft:swim_one_cm":41779,"minecraft:fly_one_cm":1151049,"minecraft:open_chest":147,"minecraft:crouch_one_cm":12126,"minecraft:fall_one_cm":211215},"minecraft:dropped":{"minecraft:bread":47,"minecraft:wheat_seeds":128,"minecraft:golden_helmet":2,"minecraft:coal":1,"minecraft:golden_apple":1,"minecraft:emerald":32,"minecraft:iron_leggings":1,"minecraft:oak_stairs":1,"minecraft:iron_pickaxe":1,"minecraft:gold_ingot":2,"minecraft:bone":11,"minecraft:stone_axe":1,"minecraft:golden_chestplate":1,"minecraft:stone_sword":1,"minecraft:diamond_hoe":1,"minecraft:raw_iron":18,"minecraft:stone_shovel":1,"minecraft:rotten_flesh":5,"minecraft:iron_boots":1,"minecraft:carrot":24,"minecraft:poppy":4,"minecraft:potato":36,"minecraft:bow":1,"minecraft:arrow":25,"minecraft:stone_pickaxe":2},"minecraft:crafted":{"minecraft:golden_carrot":6,"minecraft:oak_planks":867,"minecraft:birch_boat":1,"minecraft:furnace":3,"minecraft:bone_meal":87,"minecraft:diamond_shovel":2,"minecraft:hopper":2,"minecraft:bow":2,"minecraft:iron_boots":2,"minecraft:iron_axe":2,"minecraft:stone_pickaxe":1,"minecraft:chest":15,"minecraft:emerald":13,"minecraft:arrow":64,"minecraft:crafting_table":3,"minecraft:iron_helmet":2,"minecraft:iron_sword":1,"minecraft:smithing_table":2,"minecraft:golden_pickaxe":1,"minecraft:leather_helmet":1,"minecraft:bucket":2,"minecraft:stone_axe":2,"minecraft:air":0,"minecraft:bread":76,"minecraft:light_gray_bed":1,"minecraft:oak_boat":4,"minecraft:iron_chestplate":3,"minecraft:paper":45,"minecraft:gold_nugget":54,"minecraft:shield":1,"minecraft:stick":464,"minecraft:iron_ingot":50,"minecraft:iron_pickaxe":3,"minecraft:stone_sword":1,"minecraft:iron_leggings":3,"minecraft:gold_ingot":19,"minecraft:white_bed":8,"minecraft:shears":2},"minecraft:killed_by":{"minecraft:zombie_villager":1,"minecraft:player":1,"minecraft:piglin_brute":2,"minecraft:creeper":2,"minecraft:spider":2,"minecraft:iron_golem":1,"minecraft:piglin":3,"minecraft:skeleton":11,"minecraft:zombie":5},"minecraft:mined":{"minecraft:nether_gold_ore":2,"minecraft:mossy_cobblestone":7,"minecraft:deepslate_diamond_ore":1,"minecraft:cobblestone_stairs":3,"minecraft:obsidian":5,"minecraft:granite":6,"minecraft:grass_block":218,"minecraft:yellow_carpet":4,"minecraft:crimson_roots":1,"minecraft:cracked_polished_blackstone_bricks":4,"minecraft:soul_soil":8,"minecraft:composter":4,"minecraft:cartography_table":1,"minecraft:spawner":1,"minecraft:polished_blackstone_bricks":8,"minecraft:carrots":51,"minecraft:furnace":5,"minecraft:iron_ore":63,"minecraft:cobbled_deepslate":1,"minecraft:andesite":9,"minecraft:deepslate_lapis_ore":6,"minecraft:gold_block":1,"minecraft:potatoes":28,"minecraft:deepslate_iron_ore":48,"minecraft:oak_stairs":28,"minecraft:stone":164,"minecraft:bone_block":6,"minecraft:glass_pane":3,"minecraft:soul_sand":1,"minecraft:blackstone":27,"minecraft:basalt":3,"minecraft:oak_fence":116,"minecraft:torch":2,"minecraft:crafting_table":1,"minecraft:short_grass":12,"minecraft:chest":4,"minecraft:lectern":2,"minecraft:copper_ore":4,"minecraft:tall_grass":1,"minecraft:cobblestone":333,"minecraft:deepslate_gold_ore":19,"minecraft:lapis_ore":3,"minecraft:oak_planks":57,"minecraft:sugar_cane":79,"minecraft:polished_blackstone_brick_stairs":1,"minecraft:diorite":3,"minecraft:wall_torch":1,"minecraft:birch_planks":8,"minecraft:wheat":329,"minecraft:white_carpet":4,"minecraft:coal_ore":18,"minecraft:oak_log":228,"minecraft:beetroots":3,"minecraft:oak_fence_gate":3,"minecraft:gravel":2,"minecraft:dirt":139,"minecraft:netherrack":9,"minecraft:gold_ore":7,"minecraft:oak_leaves":9,"minecraft:deepslate":18},"minecraft:picked_up":{"minecraft:iron_chestplate":10,"minecraft:crafting_table":1,"minecraft:wheat":249,"minecraft:lead":3,"minecraft:oak_stairs":29,"minecraft:gold_block":2,"minecraft:gilded_blackstone":5,"minecraft:nether_brick":4,"minecraft:chain":8,"minecraft:shield":8,"minecraft:polished_blackstone_brick_stairs":1,"minecraft:string":20,"minecraft:soul_soil":11,"minecraft:raw_copper":33,"minecraft:iron_axe":14,"minecraft:iron_leggings":9,"minecraft:white_carpet":12,"minecraft:blackstone":24,"minecraft:beetroot":2,"minecraft:cobbled_deepslate":31,"minecraft:cartography_table":3,"minecraft:gold_nugget":15,"minecraft:beef":8,"minecraft:oak_boat":10,"minecraft:poppy":29,"minecraft:iron_pickaxe":13,"minecraft:light_gray_wool":3,"minecraft:lectern":2,"minecraft:sugar_cane":119,"minecraft:chest":4,"minecraft:birch_sapling":1,"minecraft:furnace":5,"minecraft:diamond_hoe":4,"minecraft:iron_boots":1,"minecraft:egg":12,"minecraft:golden_helmet":3,"minecraft:raw_iron":124,"minecraft:stick":86,"minecraft:oak_door":1,"minecraft:composter":8,"minecraft:oak_fence":154,"minecraft:torch":12,"minecraft:porkchop":3,"minecraft:polished_blackstone_bricks":9,"minecraft:golden_axe":1,"minecraft:diorite":4,"minecraft:carrot":181,"minecraft:stone_sword":8,"minecraft:arrow":85,"minecraft:stone_shovel":1,"minecraft:rotten_flesh":92,"minecraft:beetroot_seeds":6,"minecraft:iron_block":1,"minecraft:gold_ingot":3,"minecraft:obsidian":6,"minecraft:mutton":2,"minecraft:bone_block":6,"minecraft:white_wool":27,"minecraft:cobblestone":335,"minecraft:cooked_beef":5,"minecraft:basalt":6,"minecraft:magma_cream":6,"minecraft:golden_carrot":4,"minecraft:glow_ink_sac":54,"minecraft:water_bucket":5,"minecraft:andesite":10,"minecraft:leather":8,"minecraft:golden_leggings":1,"minecraft:potato":77,"minecraft:birch_planks":25,"minecraft:flint":2,"minecraft:oak_log":227,"minecraft:ancient_debris":1,"minecraft:golden_boots":2,"minecraft:gunpowder":59,"minecraft:cobblestone_stairs":3,"minecraft:lapis_lazuli":57,"minecraft:dirt":405,"minecraft:paper":2,"minecraft:bone":31,"minecraft:bow":2,"minecraft:wheat_seeds":796,"minecraft:raw_gold":55,"minecraft:iron_ingot":94,"minecraft:oak_fence_gate":3,"minecraft:stone_pickaxe":37,"minecraft:cooked_chicken":4,"minecraft:oak_planks":181,"minecraft:soul_sand":1,"minecraft:cooked_porkchop":2,"minecraft:dandelion":1,"minecraft:poisonous_potato":1,"minecraft:gravel":4,"minecraft:crying_obsidian":4,"minecraft:spider_eye":5,"minecraft:mossy_cobblestone":7,"minecraft:pumpkin_seeds":8,"minecraft:yellow_carpet":4,"minecraft:diamond":1,"minecraft:stone_axe":4,"minecraft:cracked_polished_blackstone_bricks":2,"minecraft:granite":6,"minecraft:bone_meal":10,"minecraft:golden_apple":1,"minecraft:chainmail_helmet":3,"minecraft:emerald":63,"minecraft:piglin_banner_pattern":1,"minecraft:oak_sapling":17,"minecraft:netherrack":8,"minecraft:black_wool":3,"minecraft:coal":49,"minecraft:crimson_roots":1,"minecraft:diamond_pickaxe":2},"minecraft:used":{"minecraft:oak_fence":50,"minecraft:beetroot":2,"minecraft:stone_sword":227,"minecraft:diamond_hoe":128,"minecraft:chest":14,"minecraft:shield":35,"minecraft:iron_sword":9,"minecraft:cooked_chicken":1,"minecraft:rotten_flesh":31,"minecraft:netherrack":8,"minecraft:iron_chestplate":8,"minecraft:torch":9,"minecraft:dirt":16,"minecraft:hopper":2,"minecraft:carrot":100,"minecraft:oak_fence_gate":3,"minecraft:granite":6,"minecraft:obsidian":1,"minecraft:lava_bucket":8,"minecraft:iron_axe":586,"minecraft:oak_stairs":22,"minecraft:iron_helmet":4,"minecraft:iron_boots":2,"minecraft:basalt":3,"minecraft:diamond_chestplate":1,"minecraft:golden_carrot":4,"minecraft:bow":83,"minecraft:soul_soil":8,"minecraft:oak_sapling":6,"minecraft:furnace":4,"minecraft:potato":46,"minecraft:cooked_beef":5,"minecraft:cobbled_deepslate":12,"minecraft:light_gray_bed":1,"minecraft:golden_axe":13,"minecraft:iron_leggings":9,"minecraft:wheat_seeds":161,"minecraft:water_bucket":32,"minecraft:birch_planks":8,"minecraft:stone_pickaxe":244,"minecraft:oak_planks":416,"minecraft:blackstone":22,"minecraft:birch_boat":1,"minecraft:composter":2,"minecraft:sugar_cane":14,"minecraft:polished_blackstone_bricks":4,"minecraft:golden_apple":1,"minecraft:crafting_table":3,"minecraft:white_bed":8,"minecraft:shears":2,"minecraft:oak_log":24,"minecraft:diamond_pickaxe":5,"minecraft:diamond_shovel":320,"minecraft:cracked_polished_blackstone_bricks":1,"minecraft:bread":22,"minecraft:iron_pickaxe":572,"minecraft:lectern":2,"minecraft:leather_helmet":1,"minecraft:golden_helmet":1,"minecraft:stone_axe":79,"minecraft:diamond_sword":19,"minecraft:cobblestone":112,"minecraft:smithing_table":2,"minecraft:andesite":9,"minecraft:bucket":40,"minecraft:golden_pickaxe":17,"minecraft:oak_boat":4,"minecraft:bone_meal":53},"minecraft:killed":{"minecraft:spider":5,"minecraft:skeleton":20,"minecraft:drowned":1,"minecraft:piglin_brute":4,"minecraft:piglin":3,"minecraft:iron_golem":18,"minecraft:hoglin":1,"minecraft:creeper":15,"minecraft:sheep":1,"minecraft:trader_llama":3,"minecraft:zombie":31,"minecraft:cow":4}},"DataVersion":4082}