{"stats":{"minecraft:picked_up":{"minecraft:stick":2,"minecraft:oak_sapling":1,"earlygame:stone_rock":2},"minecraft:custom":{"minecraft:jump":46,"minecraft:time_since_rest":3310,"minecraft:crouch_one_cm":22,"minecraft:walk_on_water_one_cm":499,"minecraft:deaths":1,"minecraft:sprint_one_cm":1267,"minecraft:leave_game":2,"minecraft:play_time":7609,"minecraft:damage_taken":340,"minecraft:time_since_death":3244,"minecraft:walk_one_cm":18177,"minecraft:sneak_time":28,"minecraft:climb_one_cm":91,"minecraft:total_world_time":7609,"minecraft:fall_one_cm":1256,"minecraft:fly_one_cm":1749},"minecraft:mined":{"minecraft:grass":1,"earlygame:stone_rock_block":1,"minecraft:dead_bush":2,"minecraft:oak_leaves":6}},"DataVersion":3105}