{"stats":{"minecraft:broken":{"minecraft:stone_sword":1,"minecraft:chainmail_helmet":1,"minecraft:iron_axe":1,"minecraft:iron_pickaxe":1,"minecraft:golden_pickaxe":1},"minecraft:custom":{"minecraft:interact_with_crafting_table":77,"minecraft:bell_ring":14,"minecraft:leave_game":7,"minecraft:time_since_death":82421,"minecraft:sprint_one_cm":915168,"minecraft:damage_blocked_by_shield":1449,"minecraft:drop":341,"minecraft:talked_to_villager":72,"minecraft:play_time":313624,"minecraft:deaths":29,"minecraft:jump":6174,"minecraft:walk_on_water_one_cm":59736,"minecraft:interact_with_furnace":40,"minecraft:traded_with_villager":19,"minecraft:sleep_in_bed":12,"minecraft:damage_dealt":33444,"minecraft:crouch_one_cm":16012,"minecraft:interact_with_smithing_table":2,"minecraft:mob_kills":116,"minecraft:inspect_hopper":2,"minecraft:walk_one_cm":862991,"minecraft:sneak_time":4766,"minecraft:walk_under_water_one_cm":20169,"minecraft:boat_one_cm":95175,"minecraft:total_world_time":313624,"minecraft:time_since_rest":9369,"minecraft:damage_taken":11210,"minecraft:damage_absorbed":40,"minecraft:swim_one_cm":45793,"minecraft:fly_one_cm":1218235,"minecraft:open_chest":186,"minecraft:fall_one_cm":221671},"minecraft:dropped":{"minecraft:emerald":32,"minecraft:iron_pickaxe":1,"minecraft:gold_ingot":2,"minecraft:bone":11,"minecraft:stone_axe":1,"minecraft:golden_chestplate":1,"minecraft:rotten_flesh":5,"minecraft:carrot":24,"minecraft:poppy":4,"minecraft:arrow":25,"minecraft:bread":60,"minecraft:wheat_seeds":128,"minecraft:golden_helmet":2,"minecraft:coal":1,"minecraft:golden_apple":1,"minecraft:iron_leggings":1,"minecraft:oak_stairs":1,"minecraft:stone_sword":1,"minecraft:diamond_hoe":1,"minecraft:raw_iron":18,"minecraft:stone_shovel":1,"minecraft:iron_boots":1,"minecraft:potato":36,"minecraft:bow":1,"minecraft:stone_pickaxe":2},"minecraft:crafted":{"minecraft:oak_planks":1347,"minecraft:birch_boat":1,"minecraft:diamond_shovel":2,"minecraft:bookshelf":22,"minecraft:cooked_mutton":11,"minecraft:hopper":2,"minecraft:bow":2,"minecraft:iron_boots":2,"minecraft:chest":15,"minecraft:arrow":64,"minecraft:emerald":13,"minecraft:crafting_table":4,"minecraft:iron_helmet":2,"minecraft:smithing_table":2,"minecraft:golden_pickaxe":1,"minecraft:light_gray_bed":1,"minecraft:iron_chestplate":3,"minecraft:paper":45,"minecraft:shield":1,"minecraft:stick":464,"minecraft:iron_ingot":50,"minecraft:iron_pickaxe":3,"minecraft:stone_sword":1,"minecraft:gold_ingot":19,"minecraft:shears":2,"minecraft:golden_carrot":6,"minecraft:oak_door":3,"minecraft:furnace":3,"minecraft:bone_meal":87,"minecraft:iron_axe":2,"minecraft:stone_pickaxe":1,"minecraft:iron_sword":1,"minecraft:leather_helmet":1,"minecraft:bucket":2,"minecraft:stone_axe":2,"minecraft:bread":103,"minecraft:air":0,"minecraft:oak_boat":4,"minecraft:gold_nugget":54,"minecraft:iron_leggings":3,"minecraft:white_bed":8},"minecraft:killed_by":{"minecraft:zombie_villager":1,"minecraft:piglin_brute":2,"minecraft:creeper":2,"minecraft:piglin":3,"minecraft:zombie":5,"minecraft:player":1,"minecraft:spider":2,"minecraft:iron_golem":1,"minecraft:skeleton":11},"minecraft:mined":{"minecraft:white_bed":1,"minecraft:cobblestone_stairs":3,"minecraft:obsidian":5,"minecraft:granite":6,"minecraft:grass_block":219,"minecraft:yellow_carpet":4,"minecraft:cracked_polished_blackstone_bricks":4,"minecraft:soul_soil":8,"minecraft:composter":4,"minecraft:spawner":1,"minecraft:polished_blackstone_bricks":8,"minecraft:iron_ore":63,"minecraft:cobbled_deepslate":1,"minecraft:deepslate_lapis_ore":6,"minecraft:enchanting_table":1,"minecraft:oak_stairs":30,"minecraft:green_carpet":2,"minecraft:blackstone":27,"minecraft:torch":2,"minecraft:chest":12,"minecraft:cobblestone":333,"minecraft:sugar_cane":107,"minecraft:oak_planks":74,"minecraft:wall_torch":3,"minecraft:wheat":412,"minecraft:oak_log":230,"minecraft:beetroots":3,"minecraft:oak_fence_gate":3,"minecraft:dirt":140,"minecraft:netherrack":9,"minecraft:oak_leaves":9,"minecraft:deepslate":18,"minecraft:nether_gold_ore":2,"minecraft:mossy_cobblestone":7,"minecraft:deepslate_diamond_ore":1,"minecraft:ladder":3,"minecraft:crimson_roots":1,"minecraft:cartography_table":1,"minecraft:furnace":8,"minecraft:carrots":51,"minecraft:andesite":9,"minecraft:gold_block":1,"minecraft:bookshelf":22,"minecraft:potatoes":28,"minecraft:deepslate_iron_ore":48,"minecraft:stone":174,"minecraft:bone_block":6,"minecraft:glass_pane":3,"minecraft:soul_sand":1,"minecraft:basalt":3,"minecraft:oak_fence":120,"minecraft:crafting_table":2,"minecraft:short_grass":13,"minecraft:lectern":2,"minecraft:tall_grass":1,"minecraft:copper_ore":4,"minecraft:lapis_ore":3,"minecraft:deepslate_gold_ore":19,"minecraft:polished_blackstone_brick_stairs":1,"minecraft:diorite":3,"minecraft:birch_planks":8,"minecraft:white_carpet":4,"minecraft:coal_ore":42,"minecraft:gravel":2,"minecraft:gold_ore":7},"minecraft:picked_up":{"minecraft:iron_chestplate":10,"minecraft:wheat":334,"minecraft:lead":5,"minecraft:diamond_sword":1,"minecraft:oak_stairs":31,"minecraft:gilded_blackstone":15,"minecraft:nether_brick":8,"minecraft:polished_blackstone_brick_stairs":1,"minecraft:string":55,"minecraft:raw_copper":68,"minecraft:soul_soil":11,"minecraft:iron_leggings":9,"minecraft:beetroot":2,"minecraft:gold_nugget":15,"minecraft:cobbled_deepslate":39,"minecraft:bucket":1,"minecraft:iron_pickaxe":14,"minecraft:iron_boots":1,"minecraft:furnace":11,"minecraft:golden_helmet":3,"minecraft:stick":125,"minecraft:composter":10,"minecraft:oak_fence":191,"minecraft:torch":16,"minecraft:porkchop":3,"minecraft:golden_axe":1,"minecraft:diorite":5,"minecraft:stone_sword":8,"minecraft:rotten_flesh":110,"minecraft:iron_block":1,"minecraft:obsidian":6,"minecraft:cobblestone":440,"minecraft:enchanting_table":1,"minecraft:cooked_beef":5,"minecraft:magma_cream":9,"minecraft:water_bucket":5,"minecraft:andesite":11,"minecraft:golden_leggings":1,"minecraft:potato":83,"minecraft:flint":3,"minecraft:dirt":737,"minecraft:lapis_lazuli":138,"minecraft:bone":50,"minecraft:bow":4,"minecraft:wheat_seeds":1497,"minecraft:raw_gold":82,"minecraft:oak_planks":240,"minecraft:cooked_porkchop":2,"minecraft:oak_pressure_plate":1,"minecraft:poisonous_potato":2,"minecraft:mossy_cobblestone":7,"minecraft:yellow_carpet":4,"minecraft:diamond":47,"minecraft:cracked_polished_blackstone_bricks":3,"minecraft:granite":7,"minecraft:bone_meal":10,"minecraft:golden_apple":1,"minecraft:emerald":309,"minecraft:chainmail_helmet":3,"minecraft:piglin_banner_pattern":1,"minecraft:oak_sapling":34,"minecraft:netherrack":8,"minecraft:crimson_roots":2,"minecraft:diamond_pickaxe":2,"minecraft:crafting_table":2,"minecraft:ladder":3,"minecraft:gold_block":2,"minecraft:chain":8,"minecraft:shield":8,"minecraft:iron_axe":15,"minecraft:white_carpet":12,"minecraft:blackstone":26,"minecraft:cartography_table":4,"minecraft:beef":8,"minecraft:oak_boat":10,"minecraft:poppy":51,"minecraft:sugar_cane":214,"minecraft:light_gray_wool":3,"minecraft:lectern":2,"minecraft:chest":12,"minecraft:birch_sapling":2,"minecraft:diamond_hoe":4,"minecraft:egg":24,"minecraft:raw_iron":134,"minecraft:oak_door":3,"minecraft:polished_blackstone_bricks":12,"minecraft:carrot":181,"minecraft:redstone":18,"minecraft:arrow":101,"minecraft:stone_shovel":1,"minecraft:beetroot_seeds":6,"minecraft:shears":1,"minecraft:gold_ingot":127,"minecraft:mutton":13,"minecraft:white_wool":28,"minecraft:bone_block":6,"minecraft:basalt":9,"minecraft:golden_carrot":65,"minecraft:glow_ink_sac":78,"minecraft:leather":12,"minecraft:birch_planks":25,"minecraft:oak_log":229,"minecraft:ancient_debris":1,"minecraft:golden_boots":2,"minecraft:cobblestone_stairs":3,"minecraft:gunpowder":84,"minecraft:paper":5,"minecraft:apple":2,"minecraft:oak_fence_gate":3,"minecraft:iron_ingot":204,"minecraft:stone_pickaxe":41,"minecraft:cooked_chicken":4,"minecraft:soul_sand":2,"minecraft:book":130,"minecraft:dandelion":2,"minecraft:gravel":8,"minecraft:white_bed":2,"minecraft:crying_obsidian":4,"minecraft:green_carpet":2,"minecraft:spider_eye":10,"minecraft:pumpkin_seeds":16,"minecraft:stone_axe":6,"minecraft:black_wool":6,"minecraft:coal":124,"minecraft:ender_pearl":1},"minecraft:used":{"minecraft:beetroot":2,"minecraft:diamond_hoe":128,"minecraft:chest":22,"minecraft:shield":35,"minecraft:iron_sword":9,"minecraft:rotten_flesh":33,"minecraft:iron_chestplate":8,"minecraft:carrot":100,"minecraft:obsidian":1,"minecraft:lava_bucket":8,"minecraft:iron_helmet":4,"minecraft:bow":83,"minecraft:furnace":6,"minecraft:oak_sapling":6,"minecraft:potato":46,"minecraft:stone_pickaxe":244,"minecraft:oak_planks":562,"minecraft:blackstone":22,"minecraft:composter":3,"minecraft:sugar_cane":45,"minecraft:golden_apple":1,"minecraft:shears":2,"minecraft:bread":29,"minecraft:lectern":2,"minecraft:golden_helmet":1,"minecraft:diamond_sword":45,"minecraft:smithing_table":2,"minecraft:andesite":9,"minecraft:oak_boat":4,"minecraft:bone_meal":53,"minecraft:golden_pickaxe":17,"minecraft:oak_fence":85,"minecraft:enchanting_table":1,"minecraft:stone_sword":227,"minecraft:cooked_chicken":1,"minecraft:netherrack":8,"minecraft:oak_door":2,"minecraft:torch":9,"minecraft:dirt":16,"minecraft:hopper":2,"minecraft:granite":6,"minecraft:oak_fence_gate":3,"minecraft:bookshelf":22,"minecraft:iron_axe":649,"minecraft:oak_stairs":22,"minecraft:iron_boots":2,"minecraft:diamond_chestplate":1,"minecraft:basalt":3,"minecraft:golden_carrot":4,"minecraft:soul_soil":8,"minecraft:cooked_beef":5,"minecraft:cobbled_deepslate":12,"minecraft:light_gray_bed":1,"minecraft:golden_axe":13,"minecraft:iron_leggings":9,"minecraft:wheat_seeds":366,"minecraft:cooked_mutton":1,"minecraft:water_bucket":32,"minecraft:birch_planks":8,"minecraft:cartography_table":1,"minecraft:birch_boat":1,"minecraft:polished_blackstone_bricks":4,"minecraft:crafting_table":5,"minecraft:white_bed":9,"minecraft:oak_log":25,"minecraft:diamond_pickaxe":5,"minecraft:diamond_shovel":365,"minecraft:cracked_polished_blackstone_bricks":1,"minecraft:iron_pickaxe":613,"minecraft:leather_helmet":1,"minecraft:stone_axe":79,"minecraft:cobblestone":116,"minecraft:bucket":40},"minecraft:killed":{"minecraft:spider":6,"minecraft:skeleton":23,"minecraft:piglin_brute":4,"minecraft:piglin":3,"minecraft:zombie_villager":2,"minecraft:iron_golem":19,"minecraft:creeper":15,"minecraft:sheep":1,"minecraft:trader_llama":3,"minecraft:zombie":31,"minecraft:cow":4,"minecraft:drowned":1,"minecraft:hoglin":1,"minecraft:enderman":1}},"DataVersion":4082}