{"stats":{"minecraft:picked_up":{"minecraft:birch_log":14,"minecraft:iron_chestplate":1,"minecraft:stick":30,"minecraft:crafting_table":5,"minecraft:golden_carrot":33,"minecraft:glow_ink_sac":1,"minecraft:enchanted_book":2,"minecraft:cake":6,"minecraft:oak_log":39,"minecraft:cookie":169,"minecraft:ancient_debris":1,"minecraft:golden_boots":2,"minecraft:golden_chestplate":1,"minecraft:lapis_lazuli":27,"minecraft:dirt":168,"minecraft:iron_leggings":1,"minecraft:iron_shovel":1,"minecraft:apple":1,"minecraft:diamond":1,"minecraft:stone_axe":2,"minecraft:bow":2,"minecraft:iron_helmet":1,"minecraft:iron_ingot":7,"minecraft:gold_ingot":19,"minecraft:emerald":8,"minecraft:iron_pickaxe":2,"minecraft:oak_planks":92,"minecraft:oak_sapling":6,"minecraft:chest":2,"minecraft:birch_sapling":1,"minecraft:cobblestone":8,"minecraft:diamond_pickaxe":3},"minecraft:crafted":{"minecraft:oak_planks":92,"minecraft:iron_chestplate":1,"minecraft:diamond_pickaxe":1,"minecraft:iron_ingot":23,"minecraft:iron_helmet":1,"minecraft:gold_ingot":8,"minecraft:iron_leggings":1,"minecraft:stone_axe":6,"minecraft:golden_boots":1,"minecraft:air":0},"minecraft:mined":{"minecraft:birch_log":7,"minecraft:crafting_table":1,"minecraft:grass_block":5,"minecraft:oak_log":39,"minecraft:chest":2,"minecraft:dirt":6,"minecraft:cobblestone":6,"minecraft:oak_leaves":11,"minecraft:cake":1},"minecraft:dropped":{"minecraft:stone_axe":6},"minecraft:custom":{"minecraft:time_since_rest":162,"minecraft:interact_with_furnace":17,"minecraft:sprint_one_cm":121435,"minecraft:damage_taken":1085,"minecraft:walk_one_cm":81909,"minecraft:interact_with_anvil":1,"minecraft:drop":6,"minecraft:damage_dealt":168,"minecraft:traded_with_villager":1,"minecraft:interact_with_cartography_table":1,"minecraft:swim_one_cm":7993,"minecraft:talked_to_villager":24,"minecraft:interact_with_crafting_table":3,"minecraft:fly_one_cm":61647,"minecraft:open_chest":67,"minecraft:crouch_one_cm":6,"minecraft:play_time":44361,"minecraft:deaths":4,"minecraft:sneak_time":78,"minecraft:walk_under_water_one_cm":6151,"minecraft:jump":308,"minecraft:eat_cake_slice":3,"minecraft:time_since_death":0,"minecraft:leave_game":5,"minecraft:walk_on_water_one_cm":13079,"minecraft:sleep_in_bed":5,"minecraft:total_world_time":44361,"minecraft:fall_one_cm":7047},"minecraft:killed_by":{"minecraft:creeper":2,"minecraft:zombie":1},"minecraft:used":{"minecraft:golden_boots":2,"minecraft:wheat_seeds":454,"minecraft:stone_sword":1,"minecraft:iron_shovel":3,"minecraft:iron_pickaxe":37,"minecraft:chest":2,"minecraft:cookie":7,"minecraft:stone_axe":62,"minecraft:dirt":15,"minecraft:pumpkin_pie":2,"minecraft:cake":1}},"DataVersion":4082}