{
  "earlygame:flint_pickaxe": {
    "criteria": {
      "has_stick": "2024-11-07 22:17:13 +0000"
    },
    "done": true
  },
  "minecraft:recipes/combat/wooden_sword": {
    "criteria": {
      "has_stick": "2024-11-07 22:17:13 +0000"
    },
    "done": true
  },
  "minecraft:recipes/tools/wooden_axe": {
    "criteria": {
      "has_stick": "2024-11-07 22:17:13 +0000"
    },
    "done": true
  },
  "earlygame:flint_saw": {
    "criteria": {
      "has_stick": "2024-11-07 22:17:13 +0000"
    },
    "done": true
  },
  "minecraft:recipes/transportation/dark_oak_boat": {
    "criteria": {
      "in_water": "2024-11-07 22:19:19 +0000"
    },
    "done": true
  },
  "earlygame:flint_knife": {
    "criteria": {
      "has_stick": "2024-11-07 22:17:13 +0000"
    },
    "done": true
  },
  "earlygame:slingshot": {
    "criteria": {
      "has_stick": "2024-11-07 22:17:13 +0000"
    },
    "done": true
  },
  "minecraft:recipes/tools/wooden_hoe": {
    "criteria": {
      "has_stick": "2024-11-07 22:17:13 +0000"
    },
    "done": true
  },
  "seasons:recipes/season_calendar": {
    "criteria": {
      "has_clock": "2024-11-07 22:17:13 +0000"
    },
    "done": true
  },
  "earlygame:flint_axe": {
    "criteria": {
      "has_stick": "2024-11-07 22:17:13 +0000"
    },
    "done": true
  },
  "minecraft:adventure/adventuring_time": {
    "criteria": {
      "minecraft:windswept_hills": "2024-11-07 22:14:53 +0000",
      "minecraft:swamp": "2024-11-07 22:19:53 +0000",
      "minecraft:windswept_gravelly_hills": "2024-11-07 22:17:01 +0000"
    },
    "done": false
  },
  "minecraft:recipes/decorations/campfire": {
    "criteria": {
      "has_stick": "2024-11-07 22:17:13 +0000"
    },
    "done": true
  },
  "minecraft:recipes/tools/wooden_pickaxe": {
    "criteria": {
      "has_stick": "2024-11-07 22:17:13 +0000"
    },
    "done": true
  },
  "minecraft:recipes/decorations/ladder": {
    "criteria": {
      "has_stick": "2024-11-07 22:17:13 +0000"
    },
    "done": true
  },
  "minecraft:recipes/transportation/birch_boat": {
    "criteria": {
      "in_water": "2024-11-07 22:19:19 +0000"
    },
    "done": true
  },
  "minecraft:recipes/transportation/mangrove_boat": {
    "criteria": {
      "in_water": "2024-11-07 22:19:19 +0000"
    },
    "done": true
  },
  "minecraft:recipes/tools/wooden_shovel": {
    "criteria": {
      "has_stick": "2024-11-07 22:17:13 +0000"
    },
    "done": true
  },
  "minecraft:recipes/transportation/acacia_boat": {
    "criteria": {
      "in_water": "2024-11-07 22:19:19 +0000"
    },
    "done": true
  },
  "minecraft:recipes/decorations/soul_campfire": {
    "criteria": {
      "has_stick": "2024-11-07 22:17:13 +0000"
    },
    "done": true
  },
  "minecraft:recipes/combat/crossbow": {
    "criteria": {
      "has_stick": "2024-11-07 22:17:13 +0000"
    },
    "done": true
  },
  "minecraft:recipes/transportation/oak_boat": {
    "criteria": {
      "in_water": "2024-11-07 22:19:19 +0000"
    },
    "done": true
  },
  "earlygame:fire_starter": {
    "criteria": {
      "has_stick": "2024-11-07 22:17:13 +0000"
    },
    "done": true
  },
  "minecraft:recipes/transportation/jungle_boat": {
    "criteria": {
      "in_water": "2024-11-07 22:19:19 +0000"
    },
    "done": true
  },
  "minecraft:recipes/transportation/spruce_boat": {
    "criteria": {
      "in_water": "2024-11-07 22:19:19 +0000"
    },
    "done": true
  },
  "earlygame:cobblestone": {
    "criteria": {
      "has_item": "2024-11-07 22:19:43 +0000"
    },
    "done": true
  },
  "seasons:recipes/season_detector": {
    "criteria": {
      "has_detector": "2024-11-07 22:17:13 +0000"
    },
    "done": true
  },
  "DataVersion": 3105
}