{"minecraft:recipes/decorations/crafting_table":{"criteria":{"unlock_right_away":"2024-11-12 17:21:58 -0300"},"done":true},"minecraft:adventure/adventuring_time":{"criteria":{"minecraft:forest":"2024-11-12 17:21:59 -0300","minecraft:river":"2024-11-12 17:22:44 -0300","minecraft:plains":"2024-11-12 17:23:43 -0300"},"done":false},"minecraft:recipes/transportation/mangrove_boat":{"criteria":{"in_water":"2024-11-12 17:22:44 -0300"},"done":true},"minecraft:recipes/transportation/acacia_boat":{"criteria":{"in_water":"2024-11-12 17:22:44 -0300"},"done":true},"minecraft:recipes/transportation/cherry_boat":{"criteria":{"in_water":"2024-11-12 17:22:44 -0300"},"done":true},"minecraft:recipes/transportation/bamboo_raft":{"criteria":{"in_water":"2024-11-12 17:22:44 -0300"},"done":true},"minecraft:recipes/transportation/spruce_boat":{"criteria":{"in_water":"2024-11-12 17:22:44 -0300"},"done":true},"minecraft:recipes/transportation/birch_boat":{"criteria":{"in_water":"2024-11-12 17:22:44 -0300"},"done":true},"minecraft:recipes/transportation/oak_boat":{"criteria":{"in_water":"2024-11-12 17:22:44 -0300"},"done":true},"minecraft:recipes/transportation/jungle_boat":{"criteria":{"in_water":"2024-11-12 17:22:44 -0300"},"done":true},"minecraft:recipes/transportation/dark_oak_boat":{"criteria":{"in_water":"2024-11-12 17:22:44 -0300"},"done":true},"minecraft:recipes/decorations/chest":{"criteria":{"has_lots_of_items":"2024-11-12 17:23:08 -0300"},"done":true},"minecraft:husbandry/plant_seed":{"criteria":{"wheat":"2024-11-12 17:23:19 -0300"},"done":true},"minecraft:recipes/misc/iron_nugget_from_smelting":{"criteria":{"has_iron_pickaxe":"2024-11-12 17:28:42 -0300"},"done":true},"minecraft:story/iron_tools":{"criteria":{"iron_pickaxe":"2024-11-12 17:28:42 -0300"},"done":true},"minecraft:recipes/misc/iron_nugget_from_blasting":{"criteria":{"has_iron_pickaxe":"2024-11-12 17:28:42 -0300"},"done":true},"minecraft:recipes/redstone/lever":{"criteria":{"has_cobblestone":"2024-11-12 17:28:46 -0300"},"done":true},"minecraft:recipes/combat/stone_sword":{"criteria":{"has_cobblestone":"2024-11-12 17:28:46 -0300"},"done":true},"minecraft:recipes/decorations/cobblestone_wall":{"criteria":{"has_cobblestone":"2024-11-12 17:28:46 -0300"},"done":true},"minecraft:recipes/tools/stone_pickaxe":{"criteria":{"has_cobblestone":"2024-11-12 17:28:46 -0300"},"done":true},"minecraft:recipes/tools/stone_axe":{"criteria":{"has_cobblestone":"2024-11-12 17:28:46 -0300"},"done":true},"minecraft:story/mine_stone":{"criteria":{"get_stone":"2024-11-12 17:28:46 -0300"},"done":true},"minecraft:recipes/decorations/furnace":{"criteria":{"has_cobblestone":"2024-11-12 17:28:46 -0300"},"done":true},"minecraft:recipes/building_blocks/cobblestone_slab":{"criteria":{"has_cobblestone":"2024-11-12 17:28:46 -0300"},"done":true},"minecraft:recipes/building_blocks/cobblestone_slab_from_cobblestone_stonecutting":{"criteria":{"has_cobblestone":"2024-11-12 17:28:46 -0300"},"done":true},"minecraft:recipes/building_blocks/stone":{"criteria":{"has_cobblestone":"2024-11-12 17:28:46 -0300"},"done":true},"minecraft:recipes/decorations/cobblestone_wall_from_cobblestone_stonecutting":{"criteria":{"has_cobblestone":"2024-11-12 17:28:46 -0300"},"done":true},"minecraft:recipes/building_blocks/cobblestone_stairs_from_cobblestone_stonecutting":{"criteria":{"has_cobblestone":"2024-11-12 17:28:46 -0300"},"done":true},"minecraft:recipes/building_blocks/cobblestone_stairs":{"criteria":{"has_cobblestone":"2024-11-12 17:28:46 -0300"},"done":true},"minecraft:recipes/tools/stone_hoe":{"criteria":{"has_cobblestone":"2024-11-12 17:28:46 -0300"},"done":true},"minecraft:recipes/tools/stone_shovel":{"criteria":{"has_cobblestone":"2024-11-12 17:28:46 -0300"},"done":true},"minecraft:adventure/sleep_in_bed":{"criteria":{"slept_in_bed":"2024-11-12 17:32:27 -0300"},"done":true},"minecraft:recipes/redstone/dispenser":{"criteria":{"has_bow":"2024-11-12 17:32:46 -0300"},"done":true},"minecraft:recipes/misc/iron_ingot_from_smelting_raw_iron":{"criteria":{"has_raw_iron":"2024-11-12 17:33:22 -0300"},"done":true},"minecraft:recipes/building_blocks/raw_iron_block":{"criteria":{"has_raw_iron":"2024-11-12 17:33:22 -0300"},"done":true},"minecraft:recipes/misc/iron_ingot_from_blasting_raw_iron":{"criteria":{"has_raw_iron":"2024-11-12 17:33:22 -0300"},"done":true},"minecraft:recipes/decorations/campfire":{"criteria":{"has_coal":"2024-11-12 17:33:24 -0300"},"done":true},"minecraft:recipes/building_blocks/coal_block":{"criteria":{"has_coal":"2024-11-12 17:33:24 -0300"},"done":true},"minecraft:recipes/misc/gold_ingot_from_smelting_raw_gold":{"criteria":{"has_raw_gold":"2024-11-12 17:34:02 -0300"},"done":true},"minecraft:recipes/building_blocks/raw_gold_block":{"criteria":{"has_raw_gold":"2024-11-12 17:34:02 -0300"},"done":true},"minecraft:recipes/misc/gold_ingot_from_blasting_raw_gold":{"criteria":{"has_raw_gold":"2024-11-12 17:34:02 -0300"},"done":true},"minecraft:recipes/building_blocks/oak_slab":{"criteria":{"has_planks":"2024-11-12 17:34:22 -0300"},"done":true},"minecraft:recipes/decorations/oak_sign":{"criteria":{"has_planks":"2024-11-12 17:34:22 -0300"},"done":true},"minecraft:recipes/redstone/oak_trapdoor":{"criteria":{"has_planks":"2024-11-12 17:34:22 -0300"},"done":true},"minecraft:recipes/redstone/oak_fence_gate":{"criteria":{"has_planks":"2024-11-12 17:34:22 -0300"},"done":true},"minecraft:recipes/redstone/oak_pressure_plate":{"criteria":{"has_planks":"2024-11-12 17:34:22 -0300"},"done":true},"minecraft:recipes/redstone/oak_door":{"criteria":{"has_planks":"2024-11-12 17:34:22 -0300"},"done":true},"minecraft:recipes/misc/stick":{"criteria":{"has_planks":"2024-11-12 17:34:22 -0300"},"done":true},"minecraft:recipes/building_blocks/oak_stairs":{"criteria":{"has_planks":"2024-11-12 17:34:22 -0300"},"done":true},"minecraft:recipes/decorations/oak_fence":{"criteria":{"has_planks":"2024-11-12 17:34:22 -0300"},"done":true},"minecraft:recipes/decorations/barrel":{"criteria":{"has_planks":"2024-11-12 17:34:22 -0300"},"done":true},"minecraft:recipes/redstone/oak_button":{"criteria":{"has_planks":"2024-11-12 17:34:22 -0300"},"done":true},"minecraft:story/root":{"criteria":{"crafting_table":"2024-11-12 17:34:27 -0300"},"done":true},"minecraft:recipes/decorations/composter":{"criteria":{"has_wood_slab":"2024-11-12 17:34:48 -0300"},"done":true},"minecraft:recipes/combat/iron_sword":{"criteria":{"has_iron_ingot":"2024-11-12 17:36:22 -0300"},"done":true},"minecraft:recipes/tools/iron_pickaxe":{"criteria":{"has_iron_ingot":"2024-11-12 17:36:22 -0300"},"done":true},"minecraft:recipes/combat/iron_leggings":{"criteria":{"has_iron_ingot":"2024-11-12 17:36:22 -0300"},"done":true},"minecraft:recipes/combat/shield":{"criteria":{"has_iron_ingot":"2024-11-12 17:36:22 -0300"},"done":true},"minecraft:recipes/redstone/hopper":{"criteria":{"has_iron_ingot":"2024-11-12 17:36:22 -0300"},"done":true},"minecraft:recipes/decorations/iron_bars":{"criteria":{"has_iron_ingot":"2024-11-12 17:36:22 -0300"},"done":true},"minecraft:recipes/combat/iron_boots":{"criteria":{"has_iron_ingot":"2024-11-12 17:36:22 -0300"},"done":true},"minecraft:recipes/combat/iron_chestplate":{"criteria":{"has_iron_ingot":"2024-11-12 17:36:22 -0300"},"done":true},"minecraft:recipes/decorations/lantern":{"criteria":{"has_iron_ingot":"2024-11-12 17:36:22 -0300"},"done":true},"minecraft:recipes/misc/iron_nugget":{"criteria":{"has_iron_ingot":"2024-11-12 17:36:22 -0300"},"done":true},"minecraft:recipes/misc/bucket":{"criteria":{"has_iron_ingot":"2024-11-12 17:36:22 -0300"},"done":true},"minecraft:recipes/combat/iron_helmet":{"criteria":{"has_iron_ingot":"2024-11-12 17:36:22 -0300"},"done":true},"minecraft:recipes/transportation/minecart":{"criteria":{"has_iron_ingot":"2024-11-12 17:36:22 -0300"},"done":true},"minecraft:recipes/tools/iron_hoe":{"criteria":{"has_iron_ingot":"2024-11-12 17:36:22 -0300"},"done":true},"minecraft:recipes/tools/iron_shovel":{"criteria":{"has_iron_ingot":"2024-11-12 17:36:22 -0300"},"done":true},"minecraft:story/smelt_iron":{"criteria":{"iron":"2024-11-12 17:36:22 -0300"},"done":true},"minecraft:recipes/tools/shears":{"criteria":{"has_iron_ingot":"2024-11-12 17:36:22 -0300"},"done":true},"minecraft:recipes/redstone/iron_trapdoor":{"criteria":{"has_iron_ingot":"2024-11-12 17:36:22 -0300"},"done":true},"minecraft:recipes/decorations/chain":{"criteria":{"has_iron_ingot":"2024-11-12 17:36:22 -0300"},"done":true},"minecraft:recipes/building_blocks/iron_block":{"criteria":{"has_iron_ingot":"2024-11-12 17:36:22 -0300"},"done":true},"minecraft:recipes/tools/iron_axe":{"criteria":{"has_iron_ingot":"2024-11-12 17:36:22 -0300"},"done":true},"minecraft:recipes/combat/crossbow":{"criteria":{"has_iron_ingot":"2024-11-12 17:36:22 -0300"},"done":true},"minecraft:recipes/decorations/smithing_table":{"criteria":{"has_iron_ingot":"2024-11-12 17:36:22 -0300"},"done":true},"minecraft:recipes/redstone/iron_door":{"criteria":{"has_iron_ingot":"2024-11-12 17:36:22 -0300"},"done":true},"minecraft:recipes/redstone/heavy_weighted_pressure_plate":{"criteria":{"has_iron_ingot":"2024-11-12 17:36:22 -0300"},"done":true},"minecraft:recipes/tools/golden_axe":{"criteria":{"has_gold_ingot":"2024-11-12 17:36:54 -0300"},"done":true},"minecraft:recipes/tools/golden_pickaxe":{"criteria":{"has_gold_ingot":"2024-11-12 17:36:54 -0300"},"done":true},"minecraft:recipes/misc/gold_nugget":{"criteria":{"has_gold_ingot":"2024-11-12 17:36:54 -0300"},"done":true},"minecraft:recipes/tools/golden_shovel":{"criteria":{"has_gold_ingot":"2024-11-12 17:36:54 -0300"},"done":true},"minecraft:recipes/food/golden_apple":{"criteria":{"has_gold_ingot":"2024-11-12 17:36:54 -0300"},"done":true},"minecraft:recipes/combat/golden_boots":{"criteria":{"has_gold_ingot":"2024-11-12 17:36:54 -0300"},"done":true},"minecraft:recipes/combat/golden_helmet":{"criteria":{"has_gold_ingot":"2024-11-12 17:36:54 -0300"},"done":true},"minecraft:recipes/combat/golden_sword":{"criteria":{"has_gold_ingot":"2024-11-12 17:36:54 -0300"},"done":true},"minecraft:recipes/building_blocks/gold_block":{"criteria":{"has_gold_ingot":"2024-11-12 17:36:54 -0300"},"done":true},"minecraft:recipes/combat/golden_chestplate":{"criteria":{"has_gold_ingot":"2024-11-12 17:36:54 -0300"},"done":true},"minecraft:recipes/tools/golden_hoe":{"criteria":{"has_gold_ingot":"2024-11-12 17:36:54 -0300"},"done":true},"minecraft:recipes/redstone/light_weighted_pressure_plate":{"criteria":{"has_gold_ingot":"2024-11-12 17:36:54 -0300"},"done":true},"minecraft:recipes/combat/golden_leggings":{"criteria":{"has_gold_ingot":"2024-11-12 17:36:54 -0300"},"done":true},"minecraft:story/obtain_armor":{"criteria":{"iron_chestplate":"2024-11-12 17:38:12 -0300"},"done":true},"minecraft:recipes/misc/gold_nugget_from_smelting":{"criteria":{"has_golden_boots":"2024-11-12 17:38:20 -0300"},"done":true},"minecraft:recipes/misc/gold_nugget_from_blasting":{"criteria":{"has_golden_boots":"2024-11-12 17:38:20 -0300"},"done":true},"minecraft:husbandry/balanced_diet":{"criteria":{"cookie":"2024-11-12 18:08:06 -0300","pumpkin_pie":"2024-11-12 17:39:06 -0300"},"done":false},"minecraft:husbandry/root":{"criteria":{"consumed_item":"2024-11-12 17:39:06 -0300"},"done":true},"minecraft:recipes/misc/charcoal":{"criteria":{"has_log":"2024-11-12 17:45:45 -0300"},"done":true},"minecraft:recipes/building_blocks/oak_planks":{"criteria":{"has_logs":"2024-11-12 17:45:45 -0300"},"done":true},"minecraft:recipes/building_blocks/oak_wood":{"criteria":{"has_log":"2024-11-12 17:45:45 -0300"},"done":true},"minecraft:recipes/decorations/ladder":{"criteria":{"has_stick":"2024-11-12 17:46:14 -0300"},"done":true},"minecraft:recipes/tools/wooden_hoe":{"criteria":{"has_stick":"2024-11-12 17:46:14 -0300"},"done":true},"minecraft:recipes/tools/wooden_pickaxe":{"criteria":{"has_stick":"2024-11-12 17:46:14 -0300"},"done":true},"minecraft:recipes/tools/wooden_axe":{"criteria":{"has_stick":"2024-11-12 17:46:14 -0300"},"done":true},"minecraft:recipes/tools/wooden_shovel":{"criteria":{"has_stick":"2024-11-12 17:46:14 -0300"},"done":true},"minecraft:recipes/combat/wooden_sword":{"criteria":{"has_stick":"2024-11-12 17:46:14 -0300"},"done":true},"minecraft:recipes/combat/diamond_leggings":{"criteria":{"has_diamond":"2024-11-12 18:04:13 -0300"},"done":true},"minecraft:recipes/misc/blue_dye":{"criteria":{"has_lapis_lazuli":"2024-11-12 17:57:42 -0300"},"done":true},"minecraft:recipes/building_blocks/birch_planks":{"criteria":{"has_logs":"2024-11-12 18:08:53 -0300"},"done":true},"minecraft:recipes/building_blocks/lapis_block":{"criteria":{"has_lapis_lazuli":"2024-11-12 17:57:42 -0300"},"done":true},"minecraft:recipes/misc/netherite_scrap_from_blasting":{"criteria":{"has_ancient_debris":"2024-11-12 18:04:13 -0300"},"done":true},"minecraft:recipes/combat/diamond_sword":{"criteria":{"has_diamond":"2024-11-12 18:04:13 -0300"},"done":true},"minecraft:recipes/decorations/jukebox":{"criteria":{"has_diamond":"2024-11-12 18:04:13 -0300"},"done":true},"minecraft:recipes/combat/bow":{"criteria":{"has_string":"2024-11-12 17:55:03 -0300"},"done":true},"minecraft:recipes/combat/diamond_chestplate":{"criteria":{"has_diamond":"2024-11-12 18:04:13 -0300"},"done":true},"minecraft:recipes/combat/diamond_helmet":{"criteria":{"has_diamond":"2024-11-12 18:04:13 -0300"},"done":true},"minecraft:recipes/decorations/glow_item_frame":{"criteria":{"has_glow_ink_sac":"2024-11-12 18:01:48 -0300"},"done":true},"minecraft:recipes/tools/fishing_rod":{"criteria":{"has_string":"2024-11-12 17:55:03 -0300"},"done":true},"minecraft:recipes/building_blocks/emerald_block":{"criteria":{"has_emerald":"2024-11-12 17:55:38 -0300"},"done":true},"minecraft:adventure/root":{"criteria":{"killed_by_something":"2024-11-12 17:59:45 -0300"},"done":true},"minecraft:recipes/building_blocks/white_wool_from_string":{"criteria":{"has_string":"2024-11-12 17:55:03 -0300"},"done":true},"minecraft:recipes/tools/diamond_pickaxe":{"criteria":{"has_diamond":"2024-11-12 18:04:13 -0300"},"done":true},"minecraft:recipes/misc/netherite_scrap":{"criteria":{"has_ancient_debris":"2024-11-12 18:04:13 -0300"},"done":true},"minecraft:recipes/building_blocks/birch_wood":{"criteria":{"has_log":"2024-11-12 18:08:53 -0300"},"done":true},"minecraft:recipes/redstone/tripwire_hook":{"criteria":{"has_string":"2024-11-12 17:55:03 -0300"},"done":true},"minecraft:recipes/building_blocks/diamond_block":{"criteria":{"has_diamond":"2024-11-12 18:04:13 -0300"},"done":true},"minecraft:recipes/decorations/candle":{"criteria":{"has_string":"2024-11-12 17:55:03 -0300"},"done":true},"minecraft:nether/obtain_ancient_debris":{"criteria":{"ancient_debris":"2024-11-12 18:04:13 -0300"},"done":true},"minecraft:recipes/tools/diamond_hoe":{"criteria":{"has_diamond":"2024-11-12 18:04:13 -0300"},"done":true},"minecraft:recipes/tools/diamond_shovel":{"criteria":{"has_diamond":"2024-11-12 18:04:13 -0300"},"done":true},"minecraft:adventure/trade":{"criteria":{"traded":"2024-11-12 17:56:18 -0300"},"done":true},"minecraft:story/mine_diamond":{"criteria":{"diamond":"2024-11-12 18:04:13 -0300"},"done":true},"minecraft:recipes/decorations/loom":{"criteria":{"has_string":"2024-11-12 17:55:03 -0300"},"done":true},"minecraft:recipes/tools/diamond_axe":{"criteria":{"has_diamond":"2024-11-12 18:04:13 -0300"},"done":true},"minecraft:recipes/tools/bundle":{"criteria":{"has_string":"2024-11-12 17:55:03 -0300"},"done":true},"minecraft:recipes/combat/diamond_boots":{"criteria":{"has_diamond":"2024-11-12 18:04:13 -0300"},"done":true},"DataVersion":4082}